ID,x,y,condition,CI,condition_names
0.0,0.6315650939941406,0.0067527759820222855,0.0,0.9832214548702365,C- R+
0.0,0.6315650939941406,0.0067527759820222855,0.0,0.9832214548702365,C- R+
0.0,0.6315650939941406,0.0067527759820222855,0.0,0.9832214548702365,C- R+
0.0,0.6315650939941406,0.0067527759820222855,0.0,0.9832214548702365,C- R+
0.0,0.6315650939941406,0.0067527759820222855,0.0,0.9832214548702365,C- R+
0.0,0.6315650939941406,0.0067527759820222855,0.0,0.9832214548702365,C- R+
0.0,0.6315650939941406,0.0067527759820222855,0.0,0.9832214548702365,C- R+
0.0,0.6315650939941406,0.0067527759820222855,0.0,0.9832214548702365,C- R+
0.0,0.6315650939941406,0.0067527759820222855,0.0,0.9832214548702365,C- R+
0.0,0.6315650939941406,0.0067527759820222855,0.0,0.9832214548702365,C- R+
0.0,0.5262218117713928,0.008734677918255329,1.0,0.9729172512959829,C- R-
0.0,0.5262218117713928,0.008734677918255329,1.0,0.9729172512959829,C- R-
0.0,0.5262218117713928,0.008734677918255329,1.0,0.9729172512959829,C- R-
0.0,0.5262218117713928,0.008734677918255329,1.0,0.9729172512959829,C- R-
0.0,0.5262218117713928,0.008734677918255329,1.0,0.9729172512959829,C- R-
0.0,0.5262218117713928,0.008734677918255329,1.0,0.9729172512959829,C- R-
0.0,0.5262218117713928,0.008734677918255329,1.0,0.9729172512959829,C- R-
0.0,0.5262218117713928,0.008734677918255329,1.0,0.9729172512959829,C- R-
0.0,0.5262218117713928,0.008734677918255329,1.0,0.9729172512959829,C- R-
0.0,0.5262218117713928,0.008734677918255329,1.0,0.9729172512959829,C- R-
0.0,0.006495323497802019,0.6976801156997681,2.0,-0.9857812450864768,C+ R+
0.0,0.006495323497802019,0.6976801156997681,2.0,-0.9857812450864768,C+ R+
0.0,0.006495323497802019,0.6976801156997681,2.0,-0.9857812450864768,C+ R+
0.0,0.006495323497802019,0.6976801156997681,2.0,-0.9857812450864768,C+ R+
0.0,0.006495320703834295,0.6976802349090576,2.0,-0.9857812543155783,C+ R+
0.0,0.006495320703834295,0.6976802349090576,2.0,-0.9857812543155783,C+ R+
0.0,0.006495323497802019,0.6976801156997681,2.0,-0.9857812450864768,C+ R+
0.0,0.006495323497802019,0.6976801156997681,2.0,-0.9857812450864768,C+ R+
0.0,0.006495323497802019,0.6976801156997681,2.0,-0.9857812450864768,C+ R+
0.0,0.006495320703834295,0.6976802349090576,2.0,-0.9857812543155783,C+ R+
0.0,0.008632339537143707,0.6212747693061829,3.0,-0.9781436762894213,C+ R-
0.0,0.008632339537143707,0.6212747693061829,3.0,-0.9781436762894213,C+ R-
0.0,0.008632339537143707,0.6212747693061829,3.0,-0.9781436762894213,C+ R-
0.0,0.008632339537143707,0.6212747693061829,3.0,-0.9781436762894213,C+ R-
0.0,0.008632339537143707,0.6212747693061829,3.0,-0.9781436762894213,C+ R-
0.0,0.008632339537143707,0.6212747693061829,3.0,-0.9781436762894213,C+ R-
0.0,0.008632339537143707,0.6212747693061829,3.0,-0.9781436762894213,C+ R-
0.0,0.008632339537143707,0.6212747693061829,3.0,-0.9781436762894213,C+ R-
0.0,0.008632339537143707,0.6212747693061829,3.0,-0.9781436762894213,C+ R-
0.0,0.008632339537143707,0.6212747693061829,3.0,-0.9781436762894213,C+ R-
1.0,0.6266515254974365,0.006827825214713812,0.0,0.9828691012032118,C- R+
1.0,0.6266515254974365,0.006827825214713812,0.0,0.9828691012032118,C- R+
1.0,0.6266515254974365,0.006827825214713812,0.0,0.9828691012032118,C- R+
1.0,0.6266515254974365,0.006827825214713812,0.0,0.9828691012032118,C- R+
1.0,0.6266515254974365,0.006827825214713812,0.0,0.9828691012032118,C- R+
1.0,0.6266515254974365,0.006827825214713812,0.0,0.9828691012032118,C- R+
1.0,0.6266515254974365,0.006827825214713812,0.0,0.9828691012032118,C- R+
1.0,0.6266515254974365,0.006827825214713812,0.0,0.9828691012032118,C- R+
1.0,0.6266515254974365,0.006827825214713812,0.0,0.9828691012032118,C- R+
1.0,0.6266515254974365,0.006827825214713812,0.0,0.9828691012032118,C- R+
1.0,0.4857652187347412,0.03478017821907997,1.0,0.88553097242273,C- R-
1.0,0.4857693910598755,0.0347769521176815,1.0,0.8855422058744533,C- R-
1.0,0.48576417565345764,0.03478101268410683,1.0,0.8855280763325657,C- R-
1.0,0.4857679605484009,0.03477802500128746,1.0,0.8855384586669495,C- R-
1.0,0.4857681393623352,0.0347779206931591,1.0,0.8855388335120737,C- R-
1.0,0.4857645332813263,0.03478073328733444,1.0,0.885529048228344,C- R-
1.0,0.4857681393623352,0.0347779206931591,1.0,0.8855388335120737,C- R-
1.0,0.48576784133911133,0.034778133034706116,1.0,0.8855380879262031,C- R-
1.0,0.48576733469963074,0.034778546541929245,1.0,0.8855366555354582,C- R-
1.0,0.4857650101184845,0.034780316054821014,1.0,0.8855304844229415,C- R-
1.0,0.006377928890287876,0.6981675624847412,2.0,-0.9860495945927114,C+ R+
1.0,0.006377928890287876,0.6981675624847412,2.0,-0.9860495945927114,C+ R+
1.0,0.006377928890287876,0.6981675624847412,2.0,-0.9860495945927114,C+ R+
1.0,0.006377928890287876,0.6981675624847412,2.0,-0.9860495945927114,C+ R+
1.0,0.006377928890287876,0.6981675624847412,2.0,-0.9860495945927114,C+ R+
1.0,0.006377928890287876,0.6981675624847412,2.0,-0.9860495945927114,C+ R+
1.0,0.006377928890287876,0.6981675624847412,2.0,-0.9860495945927114,C+ R+
1.0,0.006377928890287876,0.6981675624847412,2.0,-0.9860495945927114,C+ R+
1.0,0.006377928890287876,0.6981675624847412,2.0,-0.9860495945927114,C+ R+
1.0,0.006377928890287876,0.6981675624847412,2.0,-0.9860495945927114,C+ R+
1.0,0.008517339825630188,0.6199572086334229,3.0,-0.9783753430223684,C+ R-
1.0,0.008517339825630188,0.6199572086334229,3.0,-0.9783753430223684,C+ R-
1.0,0.008517339825630188,0.6199572086334229,3.0,-0.9783753430223684,C+ R-
1.0,0.008517339825630188,0.6199572086334229,3.0,-0.9783753430223684,C+ R-
1.0,0.008517339825630188,0.6199572086334229,3.0,-0.9783753430223684,C+ R-
1.0,0.008517339825630188,0.6199572086334229,3.0,-0.9783753430223684,C+ R-
1.0,0.008517339825630188,0.6199572086334229,3.0,-0.9783753430223684,C+ R-
1.0,0.008517339825630188,0.6199572086334229,3.0,-0.9783753430223684,C+ R-
1.0,0.008517339825630188,0.6199572086334229,3.0,-0.9783753430223684,C+ R-
1.0,0.008517339825630188,0.6199572086334229,3.0,-0.9783753430223684,C+ R-
2.0,0.6203610301017761,0.007068033795803785,0.0,0.9820451459567374,C- R+
2.0,0.6203610301017761,0.007068033795803785,0.0,0.9820451459567374,C- R+
2.0,0.6203610301017761,0.007068033795803785,0.0,0.9820451459567374,C- R+
2.0,0.6203610301017761,0.007068033795803785,0.0,0.9820451459567374,C- R+
2.0,0.6203610301017761,0.007068033795803785,0.0,0.9820451459567374,C- R+
2.0,0.6203610301017761,0.007068033795803785,0.0,0.9820451459567374,C- R+
2.0,0.6203610301017761,0.007068033795803785,0.0,0.9820451459567374,C- R+
2.0,0.6203610301017761,0.007068033795803785,0.0,0.9820451459567374,C- R+
2.0,0.6203610301017761,0.007068033795803785,0.0,0.9820451459567374,C- R+
2.0,0.6203610301017761,0.007068033795803785,0.0,0.9820451459567374,C- R+
2.0,0.520781934261322,0.008774169720709324,1.0,0.9724562526754255,C- R-
2.0,0.520781934261322,0.008774169720709324,1.0,0.9724562526754255,C- R-
2.0,0.520781934261322,0.008774169720709324,1.0,0.9724562526754255,C- R-
2.0,0.520781934261322,0.008774169720709324,1.0,0.9724562526754255,C- R-
2.0,0.520781934261322,0.008774169720709324,1.0,0.9724562526754255,C- R-
2.0,0.520781934261322,0.008774169720709324,1.0,0.9724562526754255,C- R-
2.0,0.520781934261322,0.008774169720709324,1.0,0.9724562526754255,C- R-
2.0,0.520781934261322,0.008774169720709324,1.0,0.9724562526754255,C- R-
2.0,0.520781934261322,0.008774169720709324,1.0,0.9724562526754255,C- R-
2.0,0.520781934261322,0.008774169720709324,1.0,0.9724562526754255,C- R-
2.0,0.006001731846481562,0.7078832983970642,2.0,-0.9871020622469789,C+ R+
2.0,0.006001731846481562,0.7078832983970642,2.0,-0.9871020622469789,C+ R+
2.0,0.006001731846481562,0.7078832983970642,2.0,-0.9871020622469789,C+ R+
2.0,0.006001731846481562,0.7078832983970642,2.0,-0.9871020622469789,C+ R+
2.0,0.006001731846481562,0.7078832983970642,2.0,-0.9871020622469789,C+ R+
2.0,0.006001731846481562,0.7078832983970642,2.0,-0.9871020622469789,C+ R+
2.0,0.006001731846481562,0.7078832983970642,2.0,-0.9871020622469789,C+ R+
2.0,0.006001731846481562,0.7078832983970642,2.0,-0.9871020622469789,C+ R+
2.0,0.006001731846481562,0.7078832983970642,2.0,-0.9871020622469789,C+ R+
2.0,0.006001726258546114,0.7078834176063538,2.0,-0.9871020770266359,C+ R+
2.0,0.013958205468952656,0.6083072423934937,3.0,-0.9639058539872769,C+ R-
2.0,0.01385512761771679,0.6084293723106384,3.0,-0.9641776995664424,C+ R-
2.0,0.012923993170261383,0.6095327734947205,3.0,-0.9666298011692966,C+ R-
2.0,0.01399255357682705,0.6082664728164673,3.0,-0.9638152454040815,C+ R-
2.0,0.013984809629619122,0.6082757115364075,3.0,-0.9638356777583205,C+ R-
2.0,0.01391962356865406,0.6083528995513916,3.0,-0.9640076105851422,C+ R-
2.0,0.012956746853888035,0.6094940304756165,3.0,-0.9665436598269856,C+ R-
2.0,0.013847589492797852,0.60843825340271,3.0,-0.96419757299977,C+ R-
2.0,0.012923650443553925,0.6095331311225891,3.0,-0.9666306992624298,C+ R-
2.0,0.013651084154844284,0.6086711883544922,3.0,-0.9647155916731901,C+ R-
3.0,0.6215534806251526,0.007029588334262371,0.0,0.982184970907261,C- R+
3.0,0.6215535998344421,0.007029585540294647,0.0,0.9821849822126998,C- R+
3.0,0.6215534806251526,0.007029588334262371,0.0,0.982184970907261,C- R+
3.0,0.6215534806251526,0.007029588334262371,0.0,0.982184970907261,C- R+
3.0,0.6215534806251526,0.007029588334262371,0.0,0.982184970907261,C- R+
3.0,0.6215534806251526,0.007029588334262371,0.0,0.982184970907261,C- R+
3.0,0.6215534806251526,0.007029588334262371,0.0,0.982184970907261,C- R+
3.0,0.6215534806251526,0.007029588334262371,0.0,0.982184970907261,C- R+
3.0,0.6215534806251526,0.007029588334262371,0.0,0.982184970907261,C- R+
3.0,0.6215534806251526,0.007029588334262371,0.0,0.982184970907261,C- R+
3.0,0.46910643577575684,0.04990584775805473,1.0,0.8327305354222176,C- R-
3.0,0.46913090348243713,0.04988674446940422,1.0,0.8327996761651633,C- R-
3.0,0.4691045582294464,0.049907319247722626,1.0,0.8327252122517643,C- R-
3.0,0.46912598609924316,0.049890585243701935,1.0,0.8327857762682727,C- R-
3.0,0.46912088990211487,0.04989460110664368,1.0,0.8327712601118147,C- R-
3.0,0.46912792325019836,0.049889083951711655,1.0,0.8327912153351462,C- R-
3.0,0.46913594007492065,0.04988282918930054,1.0,0.8328138547587651,C- R-
3.0,0.4691433012485504,0.049877066165208817,1.0,0.8328347041135933,C- R-
3.0,0.4691469073295593,0.04987427592277527,1.0,0.8328448147545318,C- R-
3.0,0.4691483676433563,0.04987308382987976,1.0,0.8328491032691268,C- R-
3.0,0.006092795170843601,0.7060091495513916,2.0,-0.986862058874529,C+ R+
3.0,0.006092795170843601,0.7060091495513916,2.0,-0.986862058874529,C+ R+
3.0,0.006092795170843601,0.7060091495513916,2.0,-0.986862058874529,C+ R+
3.0,0.006092795170843601,0.7060091495513916,2.0,-0.986862058874529,C+ R+
3.0,0.006092795170843601,0.7060091495513916,2.0,-0.986862058874529,C+ R+
3.0,0.006092795170843601,0.7060091495513916,2.0,-0.986862058874529,C+ R+
3.0,0.006092795170843601,0.7060091495513916,2.0,-0.986862058874529,C+ R+
3.0,0.006092795170843601,0.7060091495513916,2.0,-0.986862058874529,C+ R+
3.0,0.006092795170843601,0.7060091495513916,2.0,-0.986862058874529,C+ R+
3.0,0.006092795170843601,0.7060091495513916,2.0,-0.986862058874529,C+ R+
3.0,0.008391501381993294,0.623491644859314,3.0,-0.9788429579470566,C+ R-
3.0,0.008391501381993294,0.623491644859314,3.0,-0.9788429579470566,C+ R-
3.0,0.008391501381993294,0.623491644859314,3.0,-0.9788429579470566,C+ R-
3.0,0.008391501381993294,0.623491644859314,3.0,-0.9788429579470566,C+ R-
3.0,0.008391501381993294,0.623491644859314,3.0,-0.9788429579470566,C+ R-
3.0,0.008391501381993294,0.623491644859314,3.0,-0.9788429579470566,C+ R-
3.0,0.008391501381993294,0.623491644859314,3.0,-0.9788429579470566,C+ R-
3.0,0.008391501381993294,0.623491644859314,3.0,-0.9788429579470566,C+ R-
3.0,0.008391501381993294,0.623491644859314,3.0,-0.9788429579470566,C+ R-
3.0,0.008391490206122398,0.6234920024871826,3.0,-0.9788430010614781,C+ R-
4.0,0.626849353313446,0.0068041360937058926,0.0,0.9829349155868068,C- R+
4.0,0.6268495321273804,0.006804134696722031,0.0,0.9829349251697852,C- R+
4.0,0.626849353313446,0.0068041360937058926,0.0,0.9829349155868068,C- R+
4.0,0.626849353313446,0.0068041360937058926,0.0,0.9829349155868068,C- R+
4.0,0.626849353313446,0.0068041360937058926,0.0,0.9829349155868068,C- R+
4.0,0.626849353313446,0.0068041360937058926,0.0,0.9829349155868068,C- R+
4.0,0.626849353313446,0.0068041360937058926,0.0,0.9829349155868068,C- R+
4.0,0.626849353313446,0.0068041360937058926,0.0,0.9829349155868068,C- R+
4.0,0.626849353313446,0.0068041360937058926,0.0,0.9829349155868068,C- R+
4.0,0.626849353313446,0.0068041360937058926,0.0,0.9829349155868068,C- R+
4.0,0.4744498133659363,0.0460609532892704,1.0,0.8467158688866854,C- R-
4.0,0.4743765592575073,0.04611799865961075,1.0,0.8465118708085217,C- R-
4.0,0.4743950366973877,0.04610363394021988,1.0,0.8465632543736052,C- R-
4.0,0.47442781925201416,0.04607810825109482,1.0,0.8466545377690202,C- R-
4.0,0.4744482636451721,0.04606213793158531,1.0,0.8467116227920202,C- R-
4.0,0.47442248463630676,0.04608222097158432,1.0,0.8466398119161775,C- R-
4.0,0.4744798541069031,0.046037521213293076,1.0,0.8467996359369105,C- R-
4.0,0.4744498133659363,0.0460609532892704,1.0,0.8467158688866854,C- R-
4.0,0.47441917657852173,0.046084802597761154,1.0,0.8466305825326426,C- R-
4.0,0.4744655191898346,0.046048715710639954,1.0,0.8467596235568866,C- R-
4.0,0.0063479202799499035,0.6977358460426331,2.0,-0.9861037955160776,C+ R+
4.0,0.006347923073917627,0.6977356672286987,2.0,-0.9861037848210886,C+ R+
4.0,0.006347923073917627,0.6977356672286987,2.0,-0.9861037848210886,C+ R+
4.0,0.006347923073917627,0.6977356672286987,2.0,-0.9861037848210886,C+ R+
4.0,0.006347923073917627,0.6977356672286987,2.0,-0.9861037848210886,C+ R+
4.0,0.006347923073917627,0.6977356672286987,2.0,-0.9861037848210886,C+ R+
4.0,0.006347923073917627,0.6977356672286987,2.0,-0.9861037848210886,C+ R+
4.0,0.006347923073917627,0.6977356672286987,2.0,-0.9861037848210886,C+ R+
4.0,0.006347923073917627,0.6977356672286987,2.0,-0.9861037848210886,C+ R+
4.0,0.006347923073917627,0.6977356672286987,2.0,-0.9861037848210886,C+ R+
4.0,0.13336658477783203,0.4690024256706238,3.0,-0.5986340176201276,C+ R-
4.0,0.13336658477783203,0.4690024256706238,3.0,-0.5986340176201276,C+ R-
4.0,0.13336658477783203,0.4690024256706238,3.0,-0.5986340176201276,C+ R-
4.0,0.1333659589290619,0.46900323033332825,3.0,-0.5986362455855456,C+ R-
4.0,0.13336658477783203,0.4690024256706238,3.0,-0.5986340176201276,C+ R-
4.0,0.1333659589290619,0.46900323033332825,3.0,-0.5986362455855456,C+ R-
4.0,0.1333659589290619,0.46900323033332825,3.0,-0.5986362455855456,C+ R-
4.0,0.13336658477783203,0.4690024256706238,3.0,-0.5986340176201276,C+ R-
4.0,0.1333659589290619,0.46900323033332825,3.0,-0.5986362455855456,C+ R-
4.0,0.1333659589290619,0.46900323033332825,3.0,-0.5986362455855456,C+ R-
5.0,0.8729883432388306,0.00375942955724895,0.0,0.9939044760095666,C- R+
5.0,0.8729883432388306,0.00375942955724895,0.0,0.9939044760095666,C- R+
5.0,0.8729883432388306,0.00375942955724895,0.0,0.9939044760095666,C- R+
5.0,0.8729883432388306,0.00375942955724895,0.0,0.9939044760095666,C- R+
5.0,0.8729883432388306,0.00375942955724895,0.0,0.9939044760095666,C- R+
5.0,0.8729883432388306,0.00375942955724895,0.0,0.9939044760095666,C- R+
5.0,0.8729883432388306,0.00375942955724895,0.0,0.9939044760095666,C- R+
5.0,0.8729883432388306,0.00375942955724895,0.0,0.9939044760095666,C- R+
5.0,0.8729883432388306,0.00375942955724895,0.0,0.9939044760095666,C- R+
5.0,0.8729883432388306,0.00375942955724895,0.0,0.9939044760095666,C- R+
5.0,0.5914391279220581,0.16255395114421844,1.0,0.6216635059678035,C- R-
5.0,0.5914391279220581,0.16255395114421844,1.0,0.6216635059678035,C- R-
5.0,0.5914391279220581,0.16255395114421844,1.0,0.6216635059678035,C- R-
5.0,0.5914391279220581,0.16255395114421844,1.0,0.6216635059678035,C- R-
5.0,0.5914391279220581,0.16255395114421844,1.0,0.6216635059678035,C- R-
5.0,0.5914391279220581,0.16255395114421844,1.0,0.6216635059678035,C- R-
5.0,0.5914391279220581,0.16255395114421844,1.0,0.6216635059678035,C- R-
5.0,0.5914398431777954,0.1625533103942871,1.0,0.6216652465332548,C- R-
5.0,0.5914391279220581,0.16255395114421844,1.0,0.6216635059678035,C- R-
5.0,0.5914391279220581,0.16255395114421844,1.0,0.6216635059678035,C- R-
5.0,0.004521068185567856,0.920000433921814,2.0,-0.9931985647867904,C+ R+
5.0,0.004521068185567856,0.920000433921814,2.0,-0.9931985647867904,C+ R+
5.0,0.004521068185567856,0.920000433921814,2.0,-0.9931985647867904,C+ R+
5.0,0.004521068185567856,0.920000433921814,2.0,-0.9931985647867904,C+ R+
5.0,0.004521068185567856,0.920000433921814,2.0,-0.9931985647867904,C+ R+
5.0,0.004521068185567856,0.920000433921814,2.0,-0.9931985647867904,C+ R+
5.0,0.004521068185567856,0.920000433921814,2.0,-0.9931985647867904,C+ R+
5.0,0.004521068185567856,0.920000433921814,2.0,-0.9931985647867904,C+ R+
5.0,0.004521068185567856,0.920000433921814,2.0,-0.9931985647867904,C+ R+
5.0,0.004521068185567856,0.920000433921814,2.0,-0.9931985647867904,C+ R+
5.0,0.15692222118377686,0.6420786380767822,3.0,-0.6629360215863138,C+ R-
5.0,0.15692250430583954,0.6420782208442688,3.0,-0.6629352563231217,C+ R-
5.0,0.15692250430583954,0.6420782208442688,3.0,-0.6629352563231217,C+ R-
5.0,0.15692250430583954,0.6420782208442688,3.0,-0.6629352563231217,C+ R-
5.0,0.15692250430583954,0.6420782208442688,3.0,-0.6629352563231217,C+ R-
5.0,0.15692250430583954,0.6420782208442688,3.0,-0.6629352563231217,C+ R-
5.0,0.15692250430583954,0.6420782208442688,3.0,-0.6629352563231217,C+ R-
5.0,0.15692250430583954,0.6420782208442688,3.0,-0.6629352563231217,C+ R-
5.0,0.15692250430583954,0.6420782208442688,3.0,-0.6629352563231217,C+ R-
5.0,0.15692250430583954,0.6420782208442688,3.0,-0.6629352563231217,C+ R-
6.0,0.7517217993736267,0.004567055497318506,0.0,0.9909212995919581,C- R+
6.0,0.7517217993736267,0.004567055497318506,0.0,0.9909212995919581,C- R+
6.0,0.7517217993736267,0.004567055497318506,0.0,0.9909212995919581,C- R+
6.0,0.7517217993736267,0.004567055497318506,0.0,0.9909212995919581,C- R+
6.0,0.7517217993736267,0.004567055497318506,0.0,0.9909212995919581,C- R+
6.0,0.7517217993736267,0.004567055497318506,0.0,0.9909212995919581,C- R+
6.0,0.7517217993736267,0.004567055497318506,0.0,0.9909212995919581,C- R+
6.0,0.7517217993736267,0.004567055497318506,0.0,0.9909212995919581,C- R+
6.0,0.7517217993736267,0.004567055497318506,0.0,0.9909212995919581,C- R+
6.0,0.751721978187561,0.004567052703350782,0.0,0.9909213079977661,C- R+
6.0,0.34098124504089355,0.25658369064331055,1.0,0.15651258981141347,C- R-
6.0,0.3409769833087921,0.2565876245498657,1.0,0.15649753436060676,C- R-
6.0,0.34097859263420105,0.25658613443374634,1.0,0.1565032291706312,C- R-
6.0,0.3409756124019623,0.2565889060497284,1.0,0.15649265798330037,C- R-
6.0,0.34097710251808167,0.25658750534057617,1.0,0.1564979745542936,C- R-
6.0,0.34097814559936523,0.25658655166625977,1.0,0.1565016403960191,C- R-
6.0,0.34098076820373535,0.25658416748046875,1.0,0.15651082903961666,C- R-
6.0,0.3409780263900757,0.2565866708755493,1.0,0.1565012002025281,C- R-
6.0,0.34097814559936523,0.25658655166625977,1.0,0.1565016403960191,C- R-
6.0,0.3409799635410309,0.25658488273620605,1.0,0.15650804358961223,C- R-
6.0,0.0049162558279931545,0.7260423898696899,2.0,-0.9897706295351599,C+ R+
6.0,0.0049162558279931545,0.7260423898696899,2.0,-0.9897706295351599,C+ R+
6.0,0.0049162558279931545,0.7260423898696899,2.0,-0.9897706295351599,C+ R+
6.0,0.0049162558279931545,0.7260423898696899,2.0,-0.9897706295351599,C+ R+
6.0,0.0049162558279931545,0.7260423898696899,2.0,-0.9897706295351599,C+ R+
6.0,0.0049162558279931545,0.7260423898696899,2.0,-0.9897706295351599,C+ R+
6.0,0.0049162558279931545,0.7260423898696899,2.0,-0.9897706295351599,C+ R+
6.0,0.0049162558279931545,0.7260423898696899,2.0,-0.9897706295351599,C+ R+
6.0,0.0049162558279931545,0.7260423898696899,2.0,-0.9897706295351599,C+ R+
6.0,0.0049162558279931545,0.7260423898696899,2.0,-0.9897706295351599,C+ R+
6.0,0.13169685006141663,0.4795442819595337,3.0,-0.6111827703572338,C+ R-
6.0,0.13169685006141663,0.4795442819595337,3.0,-0.6111827703572338,C+ R-
6.0,0.13169685006141663,0.4795442819595337,3.0,-0.6111827703572338,C+ R-
6.0,0.13169685006141663,0.4795442819595337,3.0,-0.6111827703572338,C+ R-
6.0,0.13169685006141663,0.4795442819595337,3.0,-0.6111827703572338,C+ R-
6.0,0.13169710338115692,0.4795439839363098,3.0,-0.6111819084991397,C+ R-
6.0,0.13169685006141663,0.4795442819595337,3.0,-0.6111827703572338,C+ R-
6.0,0.13169685006141663,0.4795442819595337,3.0,-0.6111827703572338,C+ R-
6.0,0.13169710338115692,0.4795439839363098,3.0,-0.6111819084991397,C+ R-
6.0,0.13169710338115692,0.4795439839363098,3.0,-0.6111819084991397,C+ R-
7.0,0.7556465268135071,0.004601956345140934,0.0,0.9909152435080653,C- R+
7.0,0.7556465268135071,0.004601956345140934,0.0,0.9909152435080653,C- R+
7.0,0.7556465268135071,0.004601956345140934,0.0,0.9909152435080653,C- R+
7.0,0.7556465864181519,0.004601954948157072,0.0,0.9909152472110669,C- R+
7.0,0.7556465268135071,0.004601956345140934,0.0,0.9909152435080653,C- R+
7.0,0.7556465268135071,0.004601956345140934,0.0,0.9909152435080653,C- R+
7.0,0.7556465268135071,0.004601956345140934,0.0,0.9909152435080653,C- R+
7.0,0.7556465268135071,0.004601956345140934,0.0,0.9909152435080653,C- R+
7.0,0.7556465268135071,0.004601956345140934,0.0,0.9909152435080653,C- R+
7.0,0.7556465268135071,0.004601956345140934,0.0,0.9909152435080653,C- R+
7.0,0.409426748752594,0.1996767669916153,1.0,0.37819944267102645,C- R-
7.0,0.409426748752594,0.1996767669916153,1.0,0.37819944267102645,C- R-
7.0,0.409426748752594,0.1996767669916153,1.0,0.37819944267102645,C- R-
7.0,0.409426748752594,0.1996767669916153,1.0,0.37819944267102645,C- R-
7.0,0.409426748752594,0.1996767669916153,1.0,0.37819944267102645,C- R-
7.0,0.409426748752594,0.1996767669916153,1.0,0.37819944267102645,C- R-
7.0,0.409426748752594,0.1996767669916153,1.0,0.37819944267102645,C- R-
7.0,0.409426748752594,0.1996767669916153,1.0,0.37819944267102645,C- R-
7.0,0.409426748752594,0.1996767669916153,1.0,0.37819944267102645,C- R-
7.0,0.409426748752594,0.1996767669916153,1.0,0.37819944267102645,C- R-
7.0,0.004588583949953318,0.7475355863571167,2.0,-0.9908107883829899,C+ R+
7.0,0.004588583949953318,0.7475355863571167,2.0,-0.9908107883829899,C+ R+
7.0,0.004588583949953318,0.7475355863571167,2.0,-0.9908107883829899,C+ R+
7.0,0.004588583949953318,0.7475355863571167,2.0,-0.9908107883829899,C+ R+
7.0,0.004588583949953318,0.7475355863571167,2.0,-0.9908107883829899,C+ R+
7.0,0.004588583949953318,0.7475355863571167,2.0,-0.9908107883829899,C+ R+
7.0,0.004588583949953318,0.7475355863571167,2.0,-0.9908107883829899,C+ R+
7.0,0.004588583949953318,0.7475355863571167,2.0,-0.9908107883829899,C+ R+
7.0,0.004588583949953318,0.7475355863571167,2.0,-0.9908107883829899,C+ R+
7.0,0.004588583949953318,0.7475355863571167,2.0,-0.9908107883829899,C+ R+
7.0,0.09135758876800537,0.5333967804908752,3.0,-0.7463501927077199,C+ R-
7.0,0.09135779738426208,0.5333964824676514,3.0,-0.7463495205608858,C+ R-
7.0,0.09135758876800537,0.5333967804908752,3.0,-0.7463501927077199,C+ R-
7.0,0.09135779738426208,0.5333964824676514,3.0,-0.7463495205608858,C+ R-
7.0,0.09135779738426208,0.5333964824676514,3.0,-0.7463495205608858,C+ R-
7.0,0.09135758876800537,0.5333967804908752,3.0,-0.7463501927077199,C+ R-
7.0,0.09135758876800537,0.5333967804908752,3.0,-0.7463501927077199,C+ R-
7.0,0.09135779738426208,0.5333964824676514,3.0,-0.7463495205608858,C+ R-
7.0,0.09135758876800537,0.5333967804908752,3.0,-0.7463501927077199,C+ R-
7.0,0.09135758876800537,0.5333967804908752,3.0,-0.7463501927077199,C+ R-
8.0,0.7689053416252136,0.0043037948198616505,0.0,0.9916972448576997,C- R+
8.0,0.7689053416252136,0.0043037948198616505,0.0,0.9916972448576997,C- R+
8.0,0.7689053416252136,0.0043037948198616505,0.0,0.9916972448576997,C- R+
8.0,0.7689053416252136,0.0043037948198616505,0.0,0.9916972448576997,C- R+
8.0,0.7689053416252136,0.0043037948198616505,0.0,0.9916972448576997,C- R+
8.0,0.7689053416252136,0.0043037948198616505,0.0,0.9916972448576997,C- R+
8.0,0.7689053416252136,0.0043037948198616505,0.0,0.9916972448576997,C- R+
8.0,0.7689053416252136,0.0043037948198616505,0.0,0.9916972448576997,C- R+
8.0,0.7689053416252136,0.0043037948198616505,0.0,0.9916972448576997,C- R+
8.0,0.7689053416252136,0.0043037948198616505,0.0,0.9916972448576997,C- R+
8.0,0.5043684840202332,0.12031344324350357,1.0,0.6573729130553156,C- R-
8.0,0.5043677091598511,0.12031404674053192,1.0,0.6573709049857257,C- R-
8.0,0.5043677091598511,0.12031404674053192,1.0,0.6573709049857257,C- R-
8.0,0.5043677091598511,0.12031404674053192,1.0,0.6573709049857257,C- R-
8.0,0.5043677091598511,0.12031404674053192,1.0,0.6573709049857257,C- R-
8.0,0.5043677091598511,0.12031404674053192,1.0,0.6573709049857257,C- R-
8.0,0.5043684840202332,0.12031344324350357,1.0,0.6573729130553156,C- R-
8.0,0.5043684840202332,0.12031344324350357,1.0,0.6573729130553156,C- R-
8.0,0.5043684840202332,0.12031344324350357,1.0,0.6573729130553156,C- R-
8.0,0.5043677091598511,0.12031404674053192,1.0,0.6573709049857257,C- R-
8.0,0.004584288224577904,0.748594343662262,2.0,-0.9908365791113481,C+ R+
8.0,0.004584288224577904,0.748594343662262,2.0,-0.9908365791113481,C+ R+
8.0,0.004584288224577904,0.748594343662262,2.0,-0.9908365791113481,C+ R+
8.0,0.004584288224577904,0.748594343662262,2.0,-0.9908365791113481,C+ R+
8.0,0.004584288224577904,0.748594343662262,2.0,-0.9908365791113481,C+ R+
8.0,0.004584288224577904,0.748594343662262,2.0,-0.9908365791113481,C+ R+
8.0,0.004584288224577904,0.748594343662262,2.0,-0.9908365791113481,C+ R+
8.0,0.004584288224577904,0.748594343662262,2.0,-0.9908365791113481,C+ R+
8.0,0.004584288224577904,0.748594343662262,2.0,-0.9908365791113481,C+ R+
8.0,0.004584288224577904,0.748594343662262,2.0,-0.9908365791113481,C+ R+
8.0,0.10103359818458557,0.5226596593856812,3.0,-0.7164551342684726,C+ R-
8.0,0.10103324800729752,0.5226601958274841,3.0,-0.7164563095442227,C+ R-
8.0,0.10103324800729752,0.5226601958274841,3.0,-0.7164563095442227,C+ R-
8.0,0.10103324800729752,0.5226601958274841,3.0,-0.7164563095442227,C+ R-
8.0,0.10103359818458557,0.5226596593856812,3.0,-0.7164551342684726,C+ R-
8.0,0.10103359818458557,0.5226596593856812,3.0,-0.7164551342684726,C+ R-
8.0,0.10103359818458557,0.5226596593856812,3.0,-0.7164551342684726,C+ R-
8.0,0.10103359818458557,0.5226596593856812,3.0,-0.7164551342684726,C+ R-
8.0,0.10103359818458557,0.5226596593856812,3.0,-0.7164551342684726,C+ R-
8.0,0.10103324800729752,0.5226601958274841,3.0,-0.7164563095442227,C+ R-
9.0,0.8891869783401489,0.003482359927147627,0.0,0.9944976650931363,C- R+
9.0,0.8891869783401489,0.003482359927147627,0.0,0.9944976650931363,C- R+
9.0,0.8891869783401489,0.003482359927147627,0.0,0.9944976650931363,C- R+
9.0,0.8891869783401489,0.003482359927147627,0.0,0.9944976650931363,C- R+
9.0,0.8891869783401489,0.003482359927147627,0.0,0.9944976650931363,C- R+
9.0,0.8891869783401489,0.003482359927147627,0.0,0.9944976650931363,C- R+
9.0,0.8891869783401489,0.003482359927147627,0.0,0.9944976650931363,C- R+
9.0,0.8891869783401489,0.003482359927147627,0.0,0.9944976650931363,C- R+
9.0,0.8891869783401489,0.003482359927147627,0.0,0.9944976650931363,C- R+
9.0,0.8891869783401489,0.003482359927147627,0.0,0.9944976650931363,C- R+
9.0,0.3320620059967041,0.2858734130859375,1.0,0.08327516282341896,C- R-
9.0,0.33206233382225037,0.2858731150627136,1.0,0.08327628619021699,C- R-
9.0,0.3320620059967041,0.2858734130859375,1.0,0.08327516282341896,C- R-
9.0,0.33206233382225037,0.2858731150627136,1.0,0.08327628619021699,C- R-
9.0,0.33206233382225037,0.2858731150627136,1.0,0.08327628619021699,C- R-
9.0,0.33206233382225037,0.2858731150627136,1.0,0.08327628619021699,C- R-
9.0,0.33206233382225037,0.2858731150627136,1.0,0.08327628619021699,C- R-
9.0,0.33206233382225037,0.2858731150627136,1.0,0.08327628619021699,C- R-
9.0,0.33206233382225037,0.2858731150627136,1.0,0.08327628619021699,C- R-
9.0,0.3320620059967041,0.2858734130859375,1.0,0.08327516282341896,C- R-
9.0,0.002969310386106372,0.7657825350761414,2.0,-0.9942355106971559,C+ R+
9.0,0.002969304798170924,0.76578289270401,2.0,-0.9942355251291377,C+ R+
9.0,0.002969310386106372,0.7657825350761414,2.0,-0.9942355106971559,C+ R+
9.0,0.002969310386106372,0.7657825350761414,2.0,-0.9942355106971559,C+ R+
9.0,0.002969304798170924,0.76578289270401,2.0,-0.9942355251291377,C+ R+
9.0,0.002969310386106372,0.7657825350761414,2.0,-0.9942355106971559,C+ R+
9.0,0.002969310386106372,0.7657825350761414,2.0,-0.9942355106971559,C+ R+
9.0,0.002969310386106372,0.7657825350761414,2.0,-0.9942355106971559,C+ R+
9.0,0.002969310386106372,0.7657825350761414,2.0,-0.9942355106971559,C+ R+
9.0,0.002969310386106372,0.7657825350761414,2.0,-0.9942355106971559,C+ R+
9.0,0.1314534693956375,0.4724864959716797,3.0,-0.6062450400247776,C+ R-
9.0,0.1314530372619629,0.4724870026111603,3.0,-0.6062465297145891,C+ R-
9.0,0.1314530372619629,0.4724870026111603,3.0,-0.6062465297145891,C+ R-
9.0,0.1314530372619629,0.4724870026111603,3.0,-0.6062465297145891,C+ R-
9.0,0.1314534693956375,0.4724864959716797,3.0,-0.6062450400247776,C+ R-
9.0,0.1314534693956375,0.4724864959716797,3.0,-0.6062450400247776,C+ R-
9.0,0.1314530372619629,0.4724870026111603,3.0,-0.6062465297145891,C+ R-
9.0,0.1314534693956375,0.4724864959716797,3.0,-0.6062450400247776,C+ R-
9.0,0.1314530372619629,0.4724870026111603,3.0,-0.6062465297145891,C+ R-
9.0,0.1314534693956375,0.4724864959716797,3.0,-0.6062450400247776,C+ R-
10.0,0.7066992521286011,0.006253803614526987,0.0,0.986533598589834,C- R+
10.0,0.7066992521286011,0.006253803614526987,0.0,0.986533598589834,C- R+
10.0,0.7066992521286011,0.006253803614526987,0.0,0.986533598589834,C- R+
10.0,0.7066992521286011,0.006253803614526987,0.0,0.986533598589834,C- R+
10.0,0.7066992521286011,0.006253803614526987,0.0,0.986533598589834,C- R+
10.0,0.7066992521286011,0.006253803614526987,0.0,0.986533598589834,C- R+
10.0,0.7066992521286011,0.006253803614526987,0.0,0.986533598589834,C- R+
10.0,0.7066992521286011,0.006253803614526987,0.0,0.986533598589834,C- R+
10.0,0.7066992521286011,0.006253803614526987,0.0,0.986533598589834,C- R+
10.0,0.7066992521286011,0.006253803614526987,0.0,0.986533598589834,C- R+
10.0,0.5827224850654602,0.047999728471040726,1.0,0.8736226480546927,C- R-
10.0,0.582723081111908,0.047999341040849686,1.0,0.8736237694833093,C- R-
10.0,0.582724392414093,0.047998398542404175,1.0,0.873626462596441,C- R-
10.0,0.582723081111908,0.047999341040849686,1.0,0.8736237694833093,C- R-
10.0,0.582723081111908,0.047999341040849686,1.0,0.8736237694833093,C- R-
10.0,0.582723081111908,0.047999341040849686,1.0,0.8736237694833093,C- R-
10.0,0.582724392414093,0.047998398542404175,1.0,0.873626462596441,C- R-
10.0,0.582723081111908,0.047999341040849686,1.0,0.8736237694833093,C- R-
10.0,0.5827226638793945,0.04799969121813774,1.0,0.8736227865207549,C- R-
10.0,0.582723081111908,0.047999341040849686,1.0,0.8736237694833093,C- R-
10.0,0.006099323276430368,0.6414132118225098,2.0,-0.9851287694145557,C+ R+
10.0,0.006099323276430368,0.641413152217865,2.0,-0.9851287676698699,C+ R+
10.0,0.006099323276430368,0.641413152217865,2.0,-0.9851287676698699,C+ R+
10.0,0.006099323276430368,0.641413152217865,2.0,-0.9851287676698699,C+ R+
10.0,0.006099323276430368,0.641413152217865,2.0,-0.9851287676698699,C+ R+
10.0,0.006099323276430368,0.641413152217865,2.0,-0.9851287676698699,C+ R+
10.0,0.006099323276430368,0.641413152217865,2.0,-0.9851287676698699,C+ R+
10.0,0.006099323276430368,0.641413152217865,2.0,-0.9851287676698699,C+ R+
10.0,0.006099323276430368,0.641413152217865,2.0,-0.9851287676698699,C+ R+
10.0,0.006099323276430368,0.641413152217865,2.0,-0.9851287676698699,C+ R+
10.0,0.0158309955149889,0.5659486055374146,3.0,-0.9553861105798823,C+ R-
10.0,0.01583157852292061,0.565947949886322,3.0,-0.9553844334302495,C+ R-
10.0,0.0158309955149889,0.5659486055374146,3.0,-0.9553861105798823,C+ R-
10.0,0.01583157852292061,0.565947949886322,3.0,-0.9553844334302495,C+ R-
10.0,0.01583157852292061,0.565947949886322,3.0,-0.9553844334302495,C+ R-
10.0,0.01583157852292061,0.565947949886322,3.0,-0.9553844334302495,C+ R-
10.0,0.01583157852292061,0.565947949886322,3.0,-0.9553844334302495,C+ R-
10.0,0.0158309955149889,0.5659486055374146,3.0,-0.9553861105798823,C+ R-
10.0,0.01583157852292061,0.565947949886322,3.0,-0.9553844334302495,C+ R-
10.0,0.01583157852292061,0.565947949886322,3.0,-0.9553844334302495,C+ R-
11.0,0.6976282000541687,0.006483815610408783,0.0,0.9858049455495121,C- R+
11.0,0.6976282000541687,0.006483815610408783,0.0,0.9858049455495121,C- R+
11.0,0.6976282000541687,0.006483815610408783,0.0,0.9858049455495121,C- R+
11.0,0.6976282000541687,0.006483815610408783,0.0,0.9858049455495121,C- R+
11.0,0.6976282000541687,0.006483815610408783,0.0,0.9858049455495121,C- R+
11.0,0.6976282000541687,0.006483815610408783,0.0,0.9858049455495121,C- R+
11.0,0.6976282000541687,0.006483815610408783,0.0,0.9858049455495121,C- R+
11.0,0.6976282000541687,0.006483815610408783,0.0,0.9858049455495121,C- R+
11.0,0.6976282000541687,0.006483815610408783,0.0,0.9858049455495121,C- R+
11.0,0.6976282000541687,0.006483815610408783,0.0,0.9858049455495121,C- R+
11.0,0.5750693082809448,0.05580264329910278,1.0,0.8519854011643102,C- R-
11.0,0.5750696063041687,0.05580240115523338,1.0,0.8519860950562974,C- R-
11.0,0.5750675201416016,0.055803943425416946,1.0,0.8519816200603554,C- R-
11.0,0.5750691890716553,0.05580271780490875,1.0,0.8519851795474689,C- R-
11.0,0.5750667452812195,0.055804572999477386,1.0,0.851979815932161,C- R-
11.0,0.5750680565834045,0.05580359324812889,1.0,0.8519826546333515,C- R-
11.0,0.5750710964202881,0.055801279842853546,1.0,0.851989340749308,C- R-
11.0,0.5750690698623657,0.05580282211303711,1.0,0.8519848833437842,C- R-
11.0,0.5750690698623657,0.05580274760723114,1.0,0.8519850698107321,C- R-
11.0,0.5750710964202881,0.055801279842853546,1.0,0.851989340749308,C- R-
11.0,0.006318212486803532,0.6509005427360535,2.0,-0.9848814570639548,C+ R+
11.0,0.006318212486803532,0.6509005427360535,2.0,-0.9848814570639548,C+ R+
11.0,0.006318212486803532,0.6509005427360535,2.0,-0.9848814570639548,C+ R+
11.0,0.006318212486803532,0.6509005427360535,2.0,-0.9848814570639548,C+ R+
11.0,0.006318212486803532,0.6509005427360535,2.0,-0.9848814570639548,C+ R+
11.0,0.006318212486803532,0.6509005427360535,2.0,-0.9848814570639548,C+ R+
11.0,0.006318212486803532,0.6509005427360535,2.0,-0.9848814570639548,C+ R+
11.0,0.006318212486803532,0.6509005427360535,2.0,-0.9848814570639548,C+ R+
11.0,0.006318212486803532,0.6509005427360535,2.0,-0.9848814570639548,C+ R+
11.0,0.006318212486803532,0.6509005427360535,2.0,-0.9848814570639548,C+ R+
11.0,0.008518585003912449,0.5975778698921204,3.0,-0.9773628196903861,C+ R-
11.0,0.008518585003912449,0.5975778698921204,3.0,-0.9773628196903861,C+ R-
11.0,0.008518585003912449,0.5975778698921204,3.0,-0.9773628196903861,C+ R-
11.0,0.008518585003912449,0.5975778698921204,3.0,-0.9773628196903861,C+ R-
11.0,0.008518585003912449,0.5975778698921204,3.0,-0.9773628196903861,C+ R-
11.0,0.008518585003912449,0.5975778698921204,3.0,-0.9773628196903861,C+ R-
11.0,0.008518585003912449,0.5975778698921204,3.0,-0.9773628196903861,C+ R-
11.0,0.008518585003912449,0.5975778698921204,3.0,-0.9773628196903861,C+ R-
11.0,0.008518585003912449,0.5975778698921204,3.0,-0.9773628196903861,C+ R-
11.0,0.008518585003912449,0.5975778698921204,3.0,-0.9773628196903861,C+ R-
12.0,0.6878321170806885,0.007046993356198072,0.0,0.9842946708052163,C- R+
12.0,0.6878321170806885,0.007046993356198072,0.0,0.9842946708052163,C- R+
12.0,0.6878322958946228,0.0070469919592142105,0.0,0.9842946791572988,C- R+
12.0,0.6878321170806885,0.007046993356198072,0.0,0.9842946708052163,C- R+
12.0,0.6878321170806885,0.007046993356198072,0.0,0.9842946708052163,C- R+
12.0,0.6878321170806885,0.007046993356198072,0.0,0.9842946708052163,C- R+
12.0,0.6878321170806885,0.007046993356198072,0.0,0.9842946708052163,C- R+
12.0,0.6878321170806885,0.007046993356198072,0.0,0.9842946708052163,C- R+
12.0,0.6878321170806885,0.007046993356198072,0.0,0.9842946708052163,C- R+
12.0,0.6878321170806885,0.007046993356198072,0.0,0.9842946708052163,C- R+
12.0,0.5472665429115295,0.09288272261619568,1.0,0.7494848335496813,C- R-
12.0,0.5472646951675415,0.09288415312767029,1.0,0.749480445778101,C- R-
12.0,0.5472477674484253,0.09289716929197311,1.0,0.7494404644608252,C- R-
12.0,0.547244131565094,0.09290002286434174,1.0,0.7494317359083029,C- R-
12.0,0.5472584366798401,0.09288900345563889,1.0,0.7494655715619378,C- R-
12.0,0.547250509262085,0.09289509803056717,1.0,0.7494468503413287,C- R-
12.0,0.5472612380981445,0.09288685768842697,1.0,0.7494721678928125,C- R-
12.0,0.547264814376831,0.09288404881954193,1.0,0.7494807581180787,C- R-
12.0,0.547264814376831,0.09288404881954193,1.0,0.7494807581180787,C- R-
12.0,0.5472573041915894,0.09288986027240753,1.0,0.7494629308080833,C- R-
12.0,0.0065472847782075405,0.6453636884689331,2.0,-0.9841661626680376,C+ R+
12.0,0.0065472847782075405,0.6453636884689331,2.0,-0.9841661626680376,C+ R+
12.0,0.0065472847782075405,0.6453636884689331,2.0,-0.9841661626680376,C+ R+
12.0,0.0065472847782075405,0.6453636884689331,2.0,-0.9841661626680376,C+ R+
12.0,0.0065472847782075405,0.6453636884689331,2.0,-0.9841661626680376,C+ R+
12.0,0.0065472847782075405,0.6453636884689331,2.0,-0.9841661626680376,C+ R+
12.0,0.0065472847782075405,0.6453636884689331,2.0,-0.9841661626680376,C+ R+
12.0,0.0065472847782075405,0.6453636884689331,2.0,-0.9841661626680376,C+ R+
12.0,0.0065472847782075405,0.6453636884689331,2.0,-0.9841661626680376,C+ R+
12.0,0.0065472847782075405,0.6453636884689331,2.0,-0.9841661626680376,C+ R+
12.0,0.0824926495552063,0.5276162624359131,3.0,-0.7660114937914828,C+ R-
12.0,0.08254779875278473,0.5275532007217407,3.0,-0.765839485236763,C+ R-
12.0,0.08248909562826157,0.5276203155517578,3.0,-0.766022572591677,C+ R-
12.0,0.08254439383745193,0.5275570750236511,3.0,-0.7658500965453761,C+ R-
12.0,0.08253861218690872,0.5275636911392212,3.0,-0.765868132495122,C+ R-
12.0,0.08254946768283844,0.5275512933731079,3.0,-0.7658342800729991,C+ R-
12.0,0.08253723382949829,0.5275652408599854,3.0,-0.7658724191594902,C+ R-
12.0,0.08255326002836227,0.5275470018386841,3.0,-0.7658224724453904,C+ R-
12.0,0.0825476199388504,0.527553379535675,3.0,-0.7658400307848894,C+ R-
12.0,0.08254340291023254,0.5275582075119019,3.0,-0.7658531870803025,C+ R-
13.0,0.6775843501091003,0.007221602369099855,0.0,0.9835945367734464,C- R+
13.0,0.6775843501091003,0.007221602369099855,0.0,0.9835945367734464,C- R+
13.0,0.6775843501091003,0.007221602369099855,0.0,0.9835945367734464,C- R+
13.0,0.6775843501091003,0.007221602369099855,0.0,0.9835945367734464,C- R+
13.0,0.6775843501091003,0.007221602369099855,0.0,0.9835945367734464,C- R+
13.0,0.6775843501091003,0.007221602369099855,0.0,0.9835945367734464,C- R+
13.0,0.6775843501091003,0.007221602369099855,0.0,0.9835945367734464,C- R+
13.0,0.6775843501091003,0.007221602369099855,0.0,0.9835945367734464,C- R+
13.0,0.6775843501091003,0.007221602369099855,0.0,0.9835945367734464,C- R+
13.0,0.6775843501091003,0.007221602369099855,0.0,0.9835945367734464,C- R+
13.0,0.4573936462402344,0.15954041481018066,1.0,0.5241260020492204,C- R-
13.0,0.4574016034603119,0.15953396260738373,1.0,0.5241489357865594,C- R-
13.0,0.45738092064857483,0.15955066680908203,1.0,0.5240894847863957,C- R-
13.0,0.45732778310775757,0.15959371626377106,1.0,0.5239364160958699,C- R-
13.0,0.4574016034603119,0.15953396260738373,1.0,0.5241489357865594,C- R-
13.0,0.457407683134079,0.15952900052070618,1.0,0.5241665355847722,C- R-
13.0,0.4573376476764679,0.15958571434020996,1.0,0.5239648573448621,C- R-
13.0,0.45739632844924927,0.15953823924064636,1.0,0.5241337341610306,C- R-
13.0,0.45740818977355957,0.15952861309051514,1.0,0.5241679396226997,C- R-
13.0,0.45740118622779846,0.15953429043293,1.0,0.5241477584644831,C- R-
13.0,0.0062228012830019,0.6555582284927368,2.0,-0.9852426549521898,C+ R+
13.0,0.0062228012830019,0.6555582284927368,2.0,-0.9852426549521898,C+ R+
13.0,0.0062228012830019,0.6555582284927368,2.0,-0.9852426549521898,C+ R+
13.0,0.0062228012830019,0.6555582284927368,2.0,-0.9852426549521898,C+ R+
13.0,0.0062228012830019,0.6555582284927368,2.0,-0.9852426549521898,C+ R+
13.0,0.0062228012830019,0.6555582284927368,2.0,-0.9852426549521898,C+ R+
13.0,0.0062228012830019,0.6555582284927368,2.0,-0.9852426549521898,C+ R+
13.0,0.0062228012830019,0.6555582284927368,2.0,-0.9852426549521898,C+ R+
13.0,0.0062228012830019,0.6555582284927368,2.0,-0.9852426549521898,C+ R+
13.0,0.006222799886018038,0.6555582880973816,2.0,-0.9852426599518064,C+ R+
13.0,0.11789803206920624,0.4867403209209442,3.0,-0.6512262188850284,C+ R-
13.0,0.11783669888973236,0.48680999875068665,3.0,-0.6514313384677224,C+ R-
13.0,0.117854043841362,0.486790269613266,3.0,-0.6513733160534488,C+ R-
13.0,0.11791104078292847,0.48672550916671753,3.0,-0.6511826868279917,C+ R-
13.0,0.11790186166763306,0.48673591017723083,3.0,-0.6512133681551076,C+ R-
13.0,0.11791147291660309,0.4867250323295593,3.0,-0.6511812514569939,C+ R-
13.0,0.11786279082298279,0.4867803454399109,3.0,-0.6513440726567219,C+ R-
13.0,0.11790163815021515,0.4867361783981323,3.0,-0.6512141258161729,C+ R-
13.0,0.11790764331817627,0.48672938346862793,3.0,-0.6511940603205908,C+ R-
13.0,0.1178898960351944,0.486749529838562,3.0,-0.6512534059013942,C+ R-
14.0,0.6938496828079224,0.006372535601258278,0.0,0.9859490773891211,C- R+
14.0,0.6938496828079224,0.006372535601258278,0.0,0.9859490773891211,C- R+
14.0,0.6938496828079224,0.006372535601258278,0.0,0.9859490773891211,C- R+
14.0,0.6938496828079224,0.006372535601258278,0.0,0.9859490773891211,C- R+
14.0,0.6938496828079224,0.006372535601258278,0.0,0.9859490773891211,C- R+
14.0,0.6938496828079224,0.006372535601258278,0.0,0.9859490773891211,C- R+
14.0,0.6938496828079224,0.006372535601258278,0.0,0.9859490773891211,C- R+
14.0,0.6938496828079224,0.006372535601258278,0.0,0.9859490773891211,C- R+
14.0,0.6938496828079224,0.006372535601258278,0.0,0.9859490773891211,C- R+
14.0,0.6938496828079224,0.006372535601258278,0.0,0.9859490773891211,C- R+
14.0,0.6088893413543701,0.035900481045246124,1.0,0.9091931405344855,C- R-
14.0,0.6088893413543701,0.035900481045246124,1.0,0.9091931405344855,C- R-
14.0,0.6088893413543701,0.035900481045246124,1.0,0.9091931405344855,C- R-
14.0,0.6088893413543701,0.035900481045246124,1.0,0.9091931405344855,C- R-
14.0,0.6088893413543701,0.035900481045246124,1.0,0.9091931405344855,C- R-
14.0,0.6088893413543701,0.035900481045246124,1.0,0.9091931405344855,C- R-
14.0,0.6088893413543701,0.035900481045246124,1.0,0.9091931405344855,C- R-
14.0,0.6088893413543701,0.035900481045246124,1.0,0.9091931405344855,C- R-
14.0,0.6088893413543701,0.035900481045246124,1.0,0.9091931405344855,C- R-
14.0,0.6088893413543701,0.035900481045246124,1.0,0.9091931405344855,C- R-
14.0,0.006120740901678801,0.6669799089431763,2.0,-0.9857992661930048,C+ R+
14.0,0.006120740901678801,0.6669799089431763,2.0,-0.9857992661930048,C+ R+
14.0,0.006120740901678801,0.6669799089431763,2.0,-0.9857992661930048,C+ R+
14.0,0.006120740901678801,0.6669799089431763,2.0,-0.9857992661930048,C+ R+
14.0,0.006120740901678801,0.6669799089431763,2.0,-0.9857992661930048,C+ R+
14.0,0.006120740901678801,0.6669799089431763,2.0,-0.9857992661930048,C+ R+
14.0,0.006120740901678801,0.6669799089431763,2.0,-0.9857992661930048,C+ R+
14.0,0.006120740901678801,0.6669799089431763,2.0,-0.9857992661930048,C+ R+
14.0,0.006120740901678801,0.6669799089431763,2.0,-0.9857992661930048,C+ R+
14.0,0.006120740901678801,0.6669799089431763,2.0,-0.9857992661930048,C+ R+
14.0,0.025115951895713806,0.6005046963691711,3.0,-0.9347314758046226,C+ R-
14.0,0.025113703683018684,0.600507378578186,3.0,-0.9347375278342301,C+ R-
14.0,0.02511543035507202,0.6005053520202637,3.0,-0.9347328841532221,C+ R-
14.0,0.025115087628364563,0.6005057692527771,3.0,-0.934733807847363,C+ R-
14.0,0.02511633187532425,0.6005042195320129,3.0,-0.9347304498326148,C+ R-
14.0,0.025116190314292908,0.6005043983459473,3.0,-0.9347308322112534,C+ R-
14.0,0.025115398690104485,0.6005053520202637,3.0,-0.9347329644272419,C+ R-
14.0,0.025115709751844406,0.600504994392395,3.0,-0.9347321288415374,C+ R-
14.0,0.025114603340625763,0.6005063056945801,3.0,-0.934735106082494,C+ R-
14.0,0.025113703683018684,0.600507378578186,3.0,-0.9347375278342301,C+ R-
15.0,0.7050861120223999,0.0059981150552630424,0.0,0.9870433034357862,C- R+
15.0,0.7050861120223999,0.0059981150552630424,0.0,0.9870433034357862,C- R+
15.0,0.7050861120223999,0.0059981150552630424,0.0,0.9870433034357862,C- R+
15.0,0.7050861120223999,0.0059981150552630424,0.0,0.9870433034357862,C- R+
15.0,0.7050861120223999,0.0059981150552630424,0.0,0.9870433034357862,C- R+
15.0,0.7050861120223999,0.0059981150552630424,0.0,0.9870433034357862,C- R+
15.0,0.7050861120223999,0.0059981150552630424,0.0,0.9870433034357862,C- R+
15.0,0.7050861120223999,0.0059981150552630424,0.0,0.9870433034357862,C- R+
15.0,0.7050861120223999,0.0059981150552630424,0.0,0.9870433034357862,C- R+
15.0,0.7050861120223999,0.0059981150552630424,0.0,0.9870433034357862,C- R+
15.0,0.4866127371788025,0.14388778805732727,1.0,0.5870366096136979,C- R-
15.0,0.4866127371788025,0.14388778805732727,1.0,0.5870366096136979,C- R-
15.0,0.4866127371788025,0.14388778805732727,1.0,0.5870366096136979,C- R-
15.0,0.4866127371788025,0.14388778805732727,1.0,0.5870366096136979,C- R-
15.0,0.4866127371788025,0.14388778805732727,1.0,0.5870366096136979,C- R-
15.0,0.4866127371788025,0.14388778805732727,1.0,0.5870366096136979,C- R-
15.0,0.4866127371788025,0.14388778805732727,1.0,0.5870366096136979,C- R-
15.0,0.4866127371788025,0.14388778805732727,1.0,0.5870366096136979,C- R-
15.0,0.48661306500434875,0.1438874900341034,1.0,0.5870375860387409,C- R-
15.0,0.4866127371788025,0.14388778805732727,1.0,0.5870366096136979,C- R-
15.0,0.0034063139464706182,0.8088719844818115,2.0,-0.9938604078774296,C+ R+
15.0,0.0034063139464706182,0.8088719844818115,2.0,-0.9938604078774296,C+ R+
15.0,0.0034063139464706182,0.8088719844818115,2.0,-0.9938604078774296,C+ R+
15.0,0.0034063139464706182,0.8088719844818115,2.0,-0.9938604078774296,C+ R+
15.0,0.0034063139464706182,0.8088719844818115,2.0,-0.9938604078774296,C+ R+
15.0,0.0034063139464706182,0.8088719844818115,2.0,-0.9938604078774296,C+ R+
15.0,0.0034063139464706182,0.8088719844818115,2.0,-0.9938604078774296,C+ R+
15.0,0.0034063139464706182,0.8088719844818115,2.0,-0.9938604078774296,C+ R+
15.0,0.0034063139464706182,0.8088719844818115,2.0,-0.9938604078774296,C+ R+
15.0,0.0034063139464706182,0.8088719844818115,2.0,-0.9938604078774296,C+ R+
15.0,0.008285991847515106,0.6916124820709229,3.0,-0.9816809037007242,C+ R-
15.0,0.008285991847515106,0.6916124820709229,3.0,-0.9816809037007242,C+ R-
15.0,0.008285988122224808,0.691612720489502,3.0,-0.9816809200159484,C+ R-
15.0,0.008285991847515106,0.6916124820709229,3.0,-0.9816809037007242,C+ R-
15.0,0.008285991847515106,0.6916124820709229,3.0,-0.9816809037007242,C+ R-
15.0,0.008285991847515106,0.6916124820709229,3.0,-0.9816809037007242,C+ R-
15.0,0.008285991847515106,0.6916124820709229,3.0,-0.9816809037007242,C+ R-
15.0,0.008285991847515106,0.6916124820709229,3.0,-0.9816809037007242,C+ R-
15.0,0.008285991847515106,0.6916124820709229,3.0,-0.9816809037007242,C+ R-
15.0,0.008285991847515106,0.6916124820709229,3.0,-0.9816809037007242,C+ R-
16.0,0.6967302560806274,0.00550595298409462,0.0,0.9879166502027905,C- R+
16.0,0.6967302560806274,0.00550595298409462,0.0,0.9879166502027905,C- R+
16.0,0.6967302560806274,0.00550595298409462,0.0,0.9879166502027905,C- R+
16.0,0.6967302560806274,0.00550595298409462,0.0,0.9879166502027905,C- R+
16.0,0.6967302560806274,0.00550595298409462,0.0,0.9879166502027905,C- R+
16.0,0.6967302560806274,0.00550595298409462,0.0,0.9879166502027905,C- R+
16.0,0.6967302560806274,0.00550595298409462,0.0,0.9879166502027905,C- R+
16.0,0.6967302560806274,0.00550595298409462,0.0,0.9879166502027905,C- R+
16.0,0.6967302560806274,0.00550595298409462,0.0,0.9879166502027905,C- R+
16.0,0.6967302560806274,0.00550595298409462,0.0,0.9879166502027905,C- R+
16.0,0.399628609418869,0.19315896928310394,1.0,0.3814143574875408,C- R-
16.0,0.399628609418869,0.19315896928310394,1.0,0.3814143574875408,C- R-
16.0,0.399628609418869,0.19315896928310394,1.0,0.3814143574875408,C- R-
16.0,0.399628609418869,0.19315896928310394,1.0,0.3814143574875408,C- R-
16.0,0.399628609418869,0.19315896928310394,1.0,0.3814143574875408,C- R-
16.0,0.399628609418869,0.19315896928310394,1.0,0.3814143574875408,C- R-
16.0,0.399628609418869,0.19315896928310394,1.0,0.3814143574875408,C- R-
16.0,0.3996291160583496,0.19315850734710693,1.0,0.38141607450825354,C- R-
16.0,0.399628609418869,0.19315896928310394,1.0,0.3814143574875408,C- R-
16.0,0.399628609418869,0.19315896928310394,1.0,0.3814143574875408,C- R-
16.0,0.005484375637024641,0.70942622423172,2.0,-0.9882427147422678,C+ R+
16.0,0.005484375637024641,0.70942622423172,2.0,-0.9882427147422678,C+ R+
16.0,0.005484375637024641,0.70942622423172,2.0,-0.9882427147422678,C+ R+
16.0,0.005484375637024641,0.70942622423172,2.0,-0.9882427147422678,C+ R+
16.0,0.005484375637024641,0.70942622423172,2.0,-0.9882427147422678,C+ R+
16.0,0.005484375637024641,0.70942622423172,2.0,-0.9882427147422678,C+ R+
16.0,0.005484375637024641,0.70942622423172,2.0,-0.9882427147422678,C+ R+
16.0,0.005484375637024641,0.70942622423172,2.0,-0.9882427147422678,C+ R+
16.0,0.005484375637024641,0.70942622423172,2.0,-0.9882427147422678,C+ R+
16.0,0.005484375637024641,0.70942622423172,2.0,-0.9882427147422678,C+ R+
16.0,0.04380694404244423,0.5908370018005371,3.0,-0.8860382374427429,C+ R-
16.0,0.04380694404244423,0.5908370018005371,3.0,-0.8860382374427429,C+ R-
16.0,0.04380694404244423,0.5908370018005371,3.0,-0.8860382374427429,C+ R-
16.0,0.04380694404244423,0.5908370018005371,3.0,-0.8860382374427429,C+ R-
16.0,0.04380694404244423,0.5908370018005371,3.0,-0.8860382374427429,C+ R-
16.0,0.04380694404244423,0.5908370018005371,3.0,-0.8860382374427429,C+ R-
16.0,0.04380694404244423,0.5908370018005371,3.0,-0.8860382374427429,C+ R-
16.0,0.04380694404244423,0.5908370018005371,3.0,-0.8860382374427429,C+ R-
16.0,0.04380694404244423,0.5908370018005371,3.0,-0.8860382374427429,C+ R-
16.0,0.04380694404244423,0.5908370018005371,3.0,-0.8860382374427429,C+ R-
17.0,0.7101675271987915,0.005505109205842018,0.0,0.988214486873213,C- R+
17.0,0.7101675271987915,0.005505109205842018,0.0,0.988214486873213,C- R+
17.0,0.7101675271987915,0.005505109205842018,0.0,0.988214486873213,C- R+
17.0,0.7101675271987915,0.005505109205842018,0.0,0.988214486873213,C- R+
17.0,0.7101675271987915,0.005505109205842018,0.0,0.988214486873213,C- R+
17.0,0.7101675271987915,0.005505109205842018,0.0,0.988214486873213,C- R+
17.0,0.7101675271987915,0.005505109205842018,0.0,0.988214486873213,C- R+
17.0,0.7101675271987915,0.005505109205842018,0.0,0.988214486873213,C- R+
17.0,0.7101675271987915,0.005505109205842018,0.0,0.988214486873213,C- R+
17.0,0.7101675271987915,0.005505109205842018,0.0,0.988214486873213,C- R+
17.0,0.46567046642303467,0.13893558084964752,1.0,0.5819235341052866,C- R-
17.0,0.46567046642303467,0.13893558084964752,1.0,0.5819235341052866,C- R-
17.0,0.465671181678772,0.13893498480319977,1.0,0.5819256228994765,C- R-
17.0,0.46567046642303467,0.13893558084964752,1.0,0.5819235341052866,C- R-
17.0,0.46567046642303467,0.13893558084964752,1.0,0.5819235341052866,C- R-
17.0,0.465671181678772,0.13893498480319977,1.0,0.5819256228994765,C- R-
17.0,0.465671181678772,0.13893498480319977,1.0,0.5819256228994765,C- R-
17.0,0.46567046642303467,0.13893558084964752,1.0,0.5819235341052866,C- R-
17.0,0.465671181678772,0.13893498480319977,1.0,0.5819256228994765,C- R-
17.0,0.465671181678772,0.13893498480319977,1.0,0.5819256228994765,C- R-
17.0,0.005985693074762821,0.6696478724479675,2.0,-0.986181700369021,C+ R+
17.0,0.005985698662698269,0.6696476936340332,2.0,-0.986181682815127,C+ R+
17.0,0.005985698662698269,0.6696476936340332,2.0,-0.986181682815127,C+ R+
17.0,0.005985698662698269,0.6696476936340332,2.0,-0.986181682815127,C+ R+
17.0,0.005985698662698269,0.6696476936340332,2.0,-0.986181682815127,C+ R+
17.0,0.005985698662698269,0.6696476936340332,2.0,-0.986181682815127,C+ R+
17.0,0.005985698662698269,0.6696476936340332,2.0,-0.986181682815127,C+ R+
17.0,0.005985698662698269,0.6696476936340332,2.0,-0.986181682815127,C+ R+
17.0,0.005985698662698269,0.6696476936340332,2.0,-0.986181682815127,C+ R+
17.0,0.005985698662698269,0.6696476936340332,2.0,-0.986181682815127,C+ R+
17.0,0.06825562566518784,0.5490989685058594,3.0,-0.8117300583620664,C+ R-
17.0,0.06825562566518784,0.5490989685058594,3.0,-0.8117300583620664,C+ R-
17.0,0.06825562566518784,0.5490989685058594,3.0,-0.8117300583620664,C+ R-
17.0,0.06825562566518784,0.5490989685058594,3.0,-0.8117300583620664,C+ R-
17.0,0.06825562566518784,0.5490989685058594,3.0,-0.8117300583620664,C+ R-
17.0,0.06825470924377441,0.5491001009941101,3.0,-0.8117328320383805,C+ R-
17.0,0.06825562566518784,0.5490989685058594,3.0,-0.8117300583620664,C+ R-
17.0,0.06825562566518784,0.5490989685058594,3.0,-0.8117300583620664,C+ R-
17.0,0.06825562566518784,0.5490989685058594,3.0,-0.8117300583620664,C+ R-
17.0,0.06825562566518784,0.5490989685058594,3.0,-0.8117300583620664,C+ R-
18.0,0.7219017744064331,0.005638525355607271,0.0,0.9881855756344742,C- R+
18.0,0.7219017744064331,0.005638525355607271,0.0,0.9881855756344742,C- R+
18.0,0.7219017744064331,0.005638525355607271,0.0,0.9881855756344742,C- R+
18.0,0.7219017744064331,0.005638525355607271,0.0,0.9881855756344742,C- R+
18.0,0.7219017744064331,0.005638525355607271,0.0,0.9881855756344742,C- R+
18.0,0.7219017744064331,0.005638525355607271,0.0,0.9881855756344742,C- R+
18.0,0.7219017744064331,0.005638525355607271,0.0,0.9881855756344742,C- R+
18.0,0.7219017744064331,0.005638525355607271,0.0,0.9881855756344742,C- R+
18.0,0.7219017744064331,0.005638525355607271,0.0,0.9881855756344742,C- R+
18.0,0.7219017744064331,0.005638525355607271,0.0,0.9881855756344742,C- R+
18.0,0.5075232982635498,0.11117482930421829,1.0,0.6820866905214156,C- R-
18.0,0.5075232982635498,0.11117482930421829,1.0,0.6820866905214156,C- R-
18.0,0.5075240135192871,0.11117425560951233,1.0,0.6820885769198932,C- R-
18.0,0.5075232982635498,0.11117482930421829,1.0,0.6820866905214156,C- R-
18.0,0.5075232982635498,0.11117482930421829,1.0,0.6820866905214156,C- R-
18.0,0.5075232982635498,0.11117482930421829,1.0,0.6820866905214156,C- R-
18.0,0.5075232982635498,0.11117482930421829,1.0,0.6820866905214156,C- R-
18.0,0.5075240135192871,0.11117425560951233,1.0,0.6820885769198932,C- R-
18.0,0.5075232982635498,0.11117482930421829,1.0,0.6820866905214156,C- R-
18.0,0.5075232982635498,0.11117482930421829,1.0,0.6820866905214156,C- R-
18.0,0.006188205908983946,0.6582986116409302,2.0,-0.9854018688240269,C+ R+
18.0,0.006188205908983946,0.6582986116409302,2.0,-0.9854018688240269,C+ R+
18.0,0.006188205908983946,0.6582986116409302,2.0,-0.9854018688240269,C+ R+
18.0,0.006188205908983946,0.6582986116409302,2.0,-0.9854018688240269,C+ R+
18.0,0.006188205908983946,0.6582986116409302,2.0,-0.9854018688240269,C+ R+
18.0,0.006188205908983946,0.6582986116409302,2.0,-0.9854018688240269,C+ R+
18.0,0.006188205908983946,0.6582986116409302,2.0,-0.9854018688240269,C+ R+
18.0,0.006188205908983946,0.6582986116409302,2.0,-0.9854018688240269,C+ R+
18.0,0.006188205908983946,0.6582986116409302,2.0,-0.9854018688240269,C+ R+
18.0,0.006188205908983946,0.6582986116409302,2.0,-0.9854018688240269,C+ R+
18.0,0.04807950183749199,0.56255042552948,3.0,-0.8681610323435455,C+ R-
18.0,0.04807950183749199,0.56255042552948,3.0,-0.8681610323435455,C+ R-
18.0,0.04807950183749199,0.56255042552948,3.0,-0.8681610323435455,C+ R-
18.0,0.04807950183749199,0.56255042552948,3.0,-0.8681610323435455,C+ R-
18.0,0.04807950183749199,0.56255042552948,3.0,-0.8681610323435455,C+ R-
18.0,0.04807852581143379,0.5625515580177307,3.0,-0.8681638781285846,C+ R-
18.0,0.04807950183749199,0.56255042552948,3.0,-0.8681610323435455,C+ R-
18.0,0.04807950183749199,0.56255042552948,3.0,-0.8681610323435455,C+ R-
18.0,0.04807950183749199,0.56255042552948,3.0,-0.8681610323435455,C+ R-
18.0,0.04807950183749199,0.56255042552948,3.0,-0.8681610323435455,C+ R-
19.0,0.7212775945663452,0.00564928725361824,0.0,0.9881497078552468,C- R+
19.0,0.7212775945663452,0.00564928725361824,0.0,0.9881497078552468,C- R+
19.0,0.7212775945663452,0.00564928725361824,0.0,0.9881497078552468,C- R+
19.0,0.7212775945663452,0.00564928725361824,0.0,0.9881497078552468,C- R+
19.0,0.7212775945663452,0.00564928725361824,0.0,0.9881497078552468,C- R+
19.0,0.7212775945663452,0.00564928725361824,0.0,0.9881497078552468,C- R+
19.0,0.7212775945663452,0.00564928725361824,0.0,0.9881497078552468,C- R+
19.0,0.7212775945663452,0.00564928725361824,0.0,0.9881497078552468,C- R+
19.0,0.7212775945663452,0.00564928725361824,0.0,0.9881497078552468,C- R+
19.0,0.7212775945663452,0.00564928725361824,0.0,0.9881497078552468,C- R+
19.0,0.44422104954719543,0.1616053730249405,1.0,0.5065092833947917,C- R-
19.0,0.44422006607055664,0.16160614788532257,1.0,0.506506433568721,C- R-
19.0,0.44422006607055664,0.16160614788532257,1.0,0.506506433568721,C- R-
19.0,0.44422006607055664,0.16160614788532257,1.0,0.506506433568721,C- R-
19.0,0.44422006607055664,0.16160614788532257,1.0,0.506506433568721,C- R-
19.0,0.44422006607055664,0.16160614788532257,1.0,0.506506433568721,C- R-
19.0,0.44422006607055664,0.16160614788532257,1.0,0.506506433568721,C- R-
19.0,0.44422006607055664,0.16160614788532257,1.0,0.506506433568721,C- R-
19.0,0.44422006607055664,0.16160614788532257,1.0,0.506506433568721,C- R-
19.0,0.44422104954719543,0.1616053730249405,1.0,0.5065092833947917,C- R-
19.0,0.0061011407524347305,0.6543632745742798,2.0,-0.9854961001101338,C+ R+
19.0,0.0061011407524347305,0.6543632745742798,2.0,-0.9854961001101338,C+ R+
19.0,0.0061011407524347305,0.6543632745742798,2.0,-0.9854961001101338,C+ R+
19.0,0.0061011407524347305,0.6543632745742798,2.0,-0.9854961001101338,C+ R+
19.0,0.0061011407524347305,0.6543632745742798,2.0,-0.9854961001101338,C+ R+
19.0,0.006101138424128294,0.6543633937835693,2.0,-0.9854961089710114,C+ R+
19.0,0.006101138424128294,0.6543633937835693,2.0,-0.9854961089710114,C+ R+
19.0,0.0061011407524347305,0.6543632745742798,2.0,-0.9854961001101338,C+ R+
19.0,0.0061011407524347305,0.6543632745742798,2.0,-0.9854961001101338,C+ R+
19.0,0.0061011407524347305,0.6543632745742798,2.0,-0.9854961001101338,C+ R+
19.0,0.03047783114016056,0.5820758938789368,3.0,-0.9182178604099541,C+ R-
19.0,0.03047783114016056,0.5820758938789368,3.0,-0.9182178604099541,C+ R-
19.0,0.03047783114016056,0.5820758938789368,3.0,-0.9182178604099541,C+ R-
19.0,0.03047783114016056,0.5820758938789368,3.0,-0.9182178604099541,C+ R-
19.0,0.03047783114016056,0.5820758938789368,3.0,-0.9182178604099541,C+ R-
19.0,0.030476929619908333,0.582076907157898,3.0,-0.9182203737956851,C+ R-
19.0,0.03047783114016056,0.5820758938789368,3.0,-0.9182178604099541,C+ R-
19.0,0.03047783114016056,0.5820758938789368,3.0,-0.9182178604099541,C+ R-
19.0,0.03047783114016056,0.5820758938789368,3.0,-0.9182178604099541,C+ R-
19.0,0.03047783114016056,0.5820758938789368,3.0,-0.9182178604099541,C+ R-
20.0,0.7096777558326721,0.005815319716930389,0.0,0.9875420456399213,C- R+
20.0,0.7096777558326721,0.005815319716930389,0.0,0.9875420456399213,C- R+
20.0,0.7096777558326721,0.005815319716930389,0.0,0.9875420456399213,C- R+
20.0,0.7096777558326721,0.005815319716930389,0.0,0.9875420456399213,C- R+
20.0,0.7096777558326721,0.005815319716930389,0.0,0.9875420456399213,C- R+
20.0,0.7096777558326721,0.005815319716930389,0.0,0.9875420456399213,C- R+
20.0,0.7096777558326721,0.005815319716930389,0.0,0.9875420456399213,C- R+
20.0,0.7096777558326721,0.005815319716930389,0.0,0.9875420456399213,C- R+
20.0,0.7096777558326721,0.005815319716930389,0.0,0.9875420456399213,C- R+
20.0,0.7096777558326721,0.005815319716930389,0.0,0.9875420456399213,C- R+
20.0,0.42170053720474243,0.1575416922569275,1.0,0.4937991981923091,C- R-
20.0,0.42169997096061707,0.1575421690940857,1.0,0.4937973997069609,C- R-
20.0,0.42170053720474243,0.1575416922569275,1.0,0.4937991981923091,C- R-
20.0,0.42169997096061707,0.1575421690940857,1.0,0.4937973997069609,C- R-
20.0,0.42169997096061707,0.1575421690940857,1.0,0.4937973997069609,C- R-
20.0,0.42169997096061707,0.1575421690940857,1.0,0.4937973997069609,C- R-
20.0,0.42169997096061707,0.1575421690940857,1.0,0.4937973997069609,C- R-
20.0,0.42169997096061707,0.1575421690940857,1.0,0.4937973997069609,C- R-
20.0,0.42169997096061707,0.1575421690940857,1.0,0.4937973997069609,C- R-
20.0,0.42169997096061707,0.1575421690940857,1.0,0.4937973997069609,C- R-
20.0,0.006608117371797562,0.6525439023971558,2.0,-0.9842421635599287,C+ R+
20.0,0.006608117371797562,0.6525439023971558,2.0,-0.9842421635599287,C+ R+
20.0,0.006608117371797562,0.6525439023971558,2.0,-0.9842421635599287,C+ R+
20.0,0.006608117371797562,0.6525439023971558,2.0,-0.9842421635599287,C+ R+
20.0,0.006608117371797562,0.6525439023971558,2.0,-0.9842421635599287,C+ R+
20.0,0.006608117371797562,0.6525439023971558,2.0,-0.9842421635599287,C+ R+
20.0,0.006608117371797562,0.6525439023971558,2.0,-0.9842421635599287,C+ R+
20.0,0.006608117371797562,0.6525439023971558,2.0,-0.9842421635599287,C+ R+
20.0,0.006608117371797562,0.6525439023971558,2.0,-0.9842421635599287,C+ R+
20.0,0.006608117371797562,0.6525439023971558,2.0,-0.9842421635599287,C+ R+
20.0,0.029727056622505188,0.573891282081604,3.0,-0.9188161672014544,C+ R-
20.0,0.029727056622505188,0.573891282081604,3.0,-0.9188161672014544,C+ R-
20.0,0.029727056622505188,0.573891282081604,3.0,-0.9188161672014544,C+ R-
20.0,0.029727056622505188,0.573891282081604,3.0,-0.9188161672014544,C+ R-
20.0,0.029727056622505188,0.573891282081604,3.0,-0.9188161672014544,C+ R-
20.0,0.029727056622505188,0.573891282081604,3.0,-0.9188161672014544,C+ R-
20.0,0.029727056622505188,0.573891282081604,3.0,-0.9188161672014544,C+ R-
20.0,0.029727056622505188,0.573891282081604,3.0,-0.9188161672014544,C+ R-
20.0,0.029727056622505188,0.573891282081604,3.0,-0.9188161672014544,C+ R-
20.0,0.029727056622505188,0.573891282081604,3.0,-0.9188161672014544,C+ R-
21.0,0.7044901847839355,0.006023693364113569,0.0,0.9869740055226479,C- R+
21.0,0.7044899463653564,0.006023697089403868,0.0,0.9869739917794715,C- R+
21.0,0.7044899463653564,0.006023697089403868,0.0,0.9869739917794715,C- R+
21.0,0.7044899463653564,0.006023697089403868,0.0,0.9869739917794715,C- R+
21.0,0.7044899463653564,0.006023697089403868,0.0,0.9869739917794715,C- R+
21.0,0.7044899463653564,0.006023697089403868,0.0,0.9869739917794715,C- R+
21.0,0.7044899463653564,0.006023697089403868,0.0,0.9869739917794715,C- R+
21.0,0.7044899463653564,0.006023697089403868,0.0,0.9869739917794715,C- R+
21.0,0.7044899463653564,0.006023697089403868,0.0,0.9869739917794715,C- R+
21.0,0.7044899463653564,0.006023697089403868,0.0,0.9869739917794715,C- R+
21.0,0.3903525471687317,0.18497826159000397,1.0,0.3895618709044235,C- R-
21.0,0.39035314321517944,0.18497776985168457,1.0,0.3895638169335429,C- R-
21.0,0.3903525471687317,0.18497826159000397,1.0,0.3895618709044235,C- R-
21.0,0.3903525471687317,0.18497826159000397,1.0,0.3895618709044235,C- R-
21.0,0.39035314321517944,0.18497776985168457,1.0,0.3895638169335429,C- R-
21.0,0.3903525471687317,0.18497826159000397,1.0,0.3895618709044235,C- R-
21.0,0.3903525471687317,0.18497826159000397,1.0,0.3895618709044235,C- R-
21.0,0.39035314321517944,0.18497776985168457,1.0,0.3895638169335429,C- R-
21.0,0.39035314321517944,0.18497776985168457,1.0,0.3895638169335429,C- R-
21.0,0.39035314321517944,0.18497776985168457,1.0,0.3895638169335429,C- R-
21.0,0.006626735907047987,0.6522145867347717,2.0,-0.984187902712834,C+ R+
21.0,0.006626735907047987,0.6522145867347717,2.0,-0.984187902712834,C+ R+
21.0,0.006626735907047987,0.6522145867347717,2.0,-0.984187902712834,C+ R+
21.0,0.006626735907047987,0.6522145867347717,2.0,-0.984187902712834,C+ R+
21.0,0.006626735907047987,0.6522145867347717,2.0,-0.984187902712834,C+ R+
21.0,0.006626735907047987,0.6522145867347717,2.0,-0.984187902712834,C+ R+
21.0,0.006626735907047987,0.6522145867347717,2.0,-0.984187902712834,C+ R+
21.0,0.006626735907047987,0.6522145867347717,2.0,-0.984187902712834,C+ R+
21.0,0.006626735907047987,0.6522145867347717,2.0,-0.984187902712834,C+ R+
21.0,0.006626735907047987,0.6522145867347717,2.0,-0.984187902712834,C+ R+
21.0,0.0558137446641922,0.5419642925262451,3.0,-0.8416559010919505,C+ R-
21.0,0.05581346154212952,0.5419647097587585,3.0,-0.8416567917402145,C+ R-
21.0,0.0558137446641922,0.5419642925262451,3.0,-0.8416559010919505,C+ R-
21.0,0.05581346154212952,0.5419647097587585,3.0,-0.8416567917402145,C+ R-
21.0,0.0558137446641922,0.5419642925262451,3.0,-0.8416559010919505,C+ R-
21.0,0.05581346154212952,0.5419647097587585,3.0,-0.8416567917402145,C+ R-
21.0,0.0558137446641922,0.5419642925262451,3.0,-0.8416559010919505,C+ R-
21.0,0.0558137446641922,0.5419642925262451,3.0,-0.8416559010919505,C+ R-
21.0,0.0558137446641922,0.5419642925262451,3.0,-0.8416559010919505,C+ R-
21.0,0.0558137446641922,0.5419642925262451,3.0,-0.8416559010919505,C+ R-
22.0,0.7206674814224243,0.006036970764398575,0.0,0.9873259764616151,C- R+
22.0,0.7206674814224243,0.006036970764398575,0.0,0.9873259764616151,C- R+
22.0,0.7206674814224243,0.006036970764398575,0.0,0.9873259764616151,C- R+
22.0,0.7206674814224243,0.006036970764398575,0.0,0.9873259764616151,C- R+
22.0,0.7206674814224243,0.006036970764398575,0.0,0.9873259764616151,C- R+
22.0,0.7206674814224243,0.006036970764398575,0.0,0.9873259764616151,C- R+
22.0,0.7206674814224243,0.006036970764398575,0.0,0.9873259764616151,C- R+
22.0,0.7206674814224243,0.006036970764398575,0.0,0.9873259764616151,C- R+
22.0,0.7206674814224243,0.006036970764398575,0.0,0.9873259764616151,C- R+
22.0,0.7206674814224243,0.006036970764398575,0.0,0.9873259764616151,C- R+
22.0,0.3854369521141052,0.18370090425014496,1.0,0.3865160647864536,C- R-
22.0,0.3854362964630127,0.18370148539543152,1.0,0.38651380144413494,C- R-
22.0,0.3854362964630127,0.18370148539543152,1.0,0.38651380144413494,C- R-
22.0,0.3854362964630127,0.18370148539543152,1.0,0.38651380144413494,C- R-
22.0,0.3854362964630127,0.18370148539543152,1.0,0.38651380144413494,C- R-
22.0,0.3854362964630127,0.18370148539543152,1.0,0.38651380144413494,C- R-
22.0,0.3854362964630127,0.18370148539543152,1.0,0.38651380144413494,C- R-
22.0,0.3854369521141052,0.18370090425014496,1.0,0.3865160647864536,C- R-
22.0,0.3854369521141052,0.18370090425014496,1.0,0.3865160647864536,C- R-
22.0,0.3854362964630127,0.18370148539543152,1.0,0.38651380144413494,C- R-
22.0,0.0061864652670919895,0.6511491537094116,2.0,-0.9852021869709966,C+ R+
22.0,0.0061864652670919895,0.6511491537094116,2.0,-0.9852021869709966,C+ R+
22.0,0.0061864652670919895,0.6511491537094116,2.0,-0.9852021869709966,C+ R+
22.0,0.0061864652670919895,0.6511491537094116,2.0,-0.9852021869709966,C+ R+
22.0,0.0061864652670919895,0.6511491537094116,2.0,-0.9852021869709966,C+ R+
22.0,0.0061864652670919895,0.6511491537094116,2.0,-0.9852021869709966,C+ R+
22.0,0.0061864652670919895,0.6511491537094116,2.0,-0.9852021869709966,C+ R+
22.0,0.0061864652670919895,0.6511491537094116,2.0,-0.9852021869709966,C+ R+
22.0,0.0061864652670919895,0.6511491537094116,2.0,-0.9852021869709966,C+ R+
22.0,0.0061864652670919895,0.6511491537094116,2.0,-0.9852021869709966,C+ R+
22.0,0.008494486100971699,0.5939568281173706,3.0,-0.9772564196726917,C+ R-
22.0,0.008494486100971699,0.5939568281173706,3.0,-0.9772564196726917,C+ R-
22.0,0.008494486100971699,0.5939568281173706,3.0,-0.9772564196726917,C+ R-
22.0,0.008494486100971699,0.5939568281173706,3.0,-0.9772564196726917,C+ R-
22.0,0.008494483307003975,0.5939569473266602,3.0,-0.9772564327161791,C+ R-
22.0,0.008494486100971699,0.5939568281173706,3.0,-0.9772564196726917,C+ R-
22.0,0.008494486100971699,0.5939568281173706,3.0,-0.9772564196726917,C+ R-
22.0,0.008494483307003975,0.5939569473266602,3.0,-0.9772564327161791,C+ R-
22.0,0.008494486100971699,0.5939568281173706,3.0,-0.9772564196726917,C+ R-
22.0,0.008494486100971699,0.5939568281173706,3.0,-0.9772564196726917,C+ R-
23.0,0.9162105917930603,0.0009937061695382,0.0,0.9984939410786728,C- R+
23.0,0.9162105917930603,0.0009937061695382,0.0,0.9984939410786728,C- R+
23.0,0.9162105917930603,0.0009937061695382,0.0,0.9984939410786728,C- R+
23.0,0.9162108898162842,0.0009937043068930507,0.0,0.9984939446052543,C- R+
23.0,0.9162108898162842,0.0009937043068930507,0.0,0.9984939446052543,C- R+
23.0,0.9162105917930603,0.0009937061695382,0.0,0.9984939410786728,C- R+
23.0,0.9162105917930603,0.0009937061695382,0.0,0.9984939410786728,C- R+
23.0,0.9162108898162842,0.0009937043068930507,0.0,0.9984939446052543,C- R+
23.0,0.9162105917930603,0.0009937061695382,0.0,0.9984939410786728,C- R+
23.0,0.9162105917930603,0.0009937061695382,0.0,0.9984939410786728,C- R+
23.0,0.38193851709365845,0.1940135806798935,1.0,0.35689770648738617,C- R-
23.0,0.38193851709365845,0.1940135806798935,1.0,0.35689770648738617,C- R-
23.0,0.38193851709365845,0.1940135806798935,1.0,0.35689770648738617,C- R-
23.0,0.38193851709365845,0.1940135806798935,1.0,0.35689770648738617,C- R-
23.0,0.38193851709365845,0.1940135806798935,1.0,0.35689770648738617,C- R-
23.0,0.38193851709365845,0.1940135806798935,1.0,0.35689770648738617,C- R-
23.0,0.38193851709365845,0.1940135806798935,1.0,0.35689770648738617,C- R-
23.0,0.38193798065185547,0.19401410222053528,1.0,0.3568957503007615,C- R-
23.0,0.38193851709365845,0.1940135806798935,1.0,0.35689770648738617,C- R-
23.0,0.38193798065185547,0.19401410222053528,1.0,0.3568957503007615,C- R-
23.0,0.006341438740491867,0.7027791738510132,2.0,-0.986246836189387,C+ R+
23.0,0.006341438740491867,0.7027791738510132,2.0,-0.986246836189387,C+ R+
23.0,0.006341438740491867,0.7027791738510132,2.0,-0.986246836189387,C+ R+
23.0,0.006341438740491867,0.7027791738510132,2.0,-0.986246836189387,C+ R+
23.0,0.006341438740491867,0.7027791738510132,2.0,-0.986246836189387,C+ R+
23.0,0.006341438740491867,0.7027791738510132,2.0,-0.986246836189387,C+ R+
23.0,0.006341438740491867,0.7027791738510132,2.0,-0.986246836189387,C+ R+
23.0,0.006341438740491867,0.7027791738510132,2.0,-0.986246836189387,C+ R+
23.0,0.006341438740491867,0.7027791738510132,2.0,-0.986246836189387,C+ R+
23.0,0.006341438740491867,0.7027791738510132,2.0,-0.986246836189387,C+ R+
23.0,0.07398511469364166,0.5520877242088318,3.0,-0.7983785666807333,C+ R-
23.0,0.07398539781570435,0.5520873069763184,3.0,-0.7983776874528118,C+ R-
23.0,0.07398539781570435,0.5520873069763184,3.0,-0.7983776874528118,C+ R-
23.0,0.07398539781570435,0.5520873069763184,3.0,-0.7983776874528118,C+ R-
23.0,0.07398539781570435,0.5520873069763184,3.0,-0.7983776874528118,C+ R-
23.0,0.07398539781570435,0.5520873069763184,3.0,-0.7983776874528118,C+ R-
23.0,0.07398539781570435,0.5520873069763184,3.0,-0.7983776874528118,C+ R-
23.0,0.07398511469364166,0.5520877242088318,3.0,-0.7983785666807333,C+ R-
23.0,0.07398539781570435,0.5520873069763184,3.0,-0.7983776874528118,C+ R-
23.0,0.07398539781570435,0.5520873069763184,3.0,-0.7983776874528118,C+ R-
24.0,0.9919601082801819,0.0007425728254020214,0.0,0.9989981197311539,C- R+
24.0,0.9919601082801819,0.0007425728254020214,0.0,0.9989981197311539,C- R+
24.0,0.9919601082801819,0.0007425728254020214,0.0,0.9989981197311539,C- R+
24.0,0.9919601082801819,0.0007425728254020214,0.0,0.9989981197311539,C- R+
24.0,0.9919601082801819,0.0007425728254020214,0.0,0.9989981197311539,C- R+
24.0,0.9919601082801819,0.0007425728254020214,0.0,0.9989981197311539,C- R+
24.0,0.9919601082801819,0.0007425728254020214,0.0,0.9989981197311539,C- R+
24.0,0.9919601082801819,0.0007425728254020214,0.0,0.9989981197311539,C- R+
24.0,0.9919601082801819,0.0007425728254020214,0.0,0.9989981197311539,C- R+
24.0,0.9919601082801819,0.0007425728254020214,0.0,0.9989981197311539,C- R+
24.0,0.45502418279647827,0.15045477449893951,1.0,0.5440307569323748,C- R-
24.0,0.4550234079360962,0.15045543015003204,1.0,0.5440284353020162,C- R-
24.0,0.4550234079360962,0.15045543015003204,1.0,0.5440284353020162,C- R-
24.0,0.4550234079360962,0.15045543015003204,1.0,0.5440284353020162,C- R-
24.0,0.4550234079360962,0.15045543015003204,1.0,0.5440284353020162,C- R-
24.0,0.45502418279647827,0.15045477449893951,1.0,0.5440307569323748,C- R-
24.0,0.45502418279647827,0.15045477449893951,1.0,0.5440307569323748,C- R-
24.0,0.4550234079360962,0.15045543015003204,1.0,0.5440284353020162,C- R-
24.0,0.4550234079360962,0.15045543015003204,1.0,0.5440284353020162,C- R-
24.0,0.45502418279647827,0.15045477449893951,1.0,0.5440307569323748,C- R-
24.0,0.006571278907358646,0.6899425983428955,2.0,-0.9854071415233725,C+ R+
24.0,0.006571278907358646,0.6899425983428955,2.0,-0.9854071415233725,C+ R+
24.0,0.006571278907358646,0.6899425983428955,2.0,-0.9854071415233725,C+ R+
24.0,0.006571278907358646,0.6899425983428955,2.0,-0.9854071415233725,C+ R+
24.0,0.006571278907358646,0.6899425983428955,2.0,-0.9854071415233725,C+ R+
24.0,0.006571278907358646,0.6899425983428955,2.0,-0.9854071415233725,C+ R+
24.0,0.006571278907358646,0.6899425983428955,2.0,-0.9854071415233725,C+ R+
24.0,0.006571278907358646,0.6899425983428955,2.0,-0.9854071415233725,C+ R+
24.0,0.006571278907358646,0.6899425983428955,2.0,-0.9854071415233725,C+ R+
24.0,0.006571278907358646,0.6899425983428955,2.0,-0.9854071415233725,C+ R+
24.0,0.009037120267748833,0.635485053062439,3.0,-0.9777653384191849,C+ R-
24.0,0.009037120267748833,0.635485053062439,3.0,-0.9777653384191849,C+ R-
24.0,0.009037120267748833,0.635485053062439,3.0,-0.9777653384191849,C+ R-
24.0,0.009037120267748833,0.635485053062439,3.0,-0.9777653384191849,C+ R-
24.0,0.009037120267748833,0.635485053062439,3.0,-0.9777653384191849,C+ R-
24.0,0.009037120267748833,0.635485053062439,3.0,-0.9777653384191849,C+ R-
24.0,0.009036879055202007,0.6354854106903076,3.0,-0.9777659427657672,C+ R-
24.0,0.009037120267748833,0.635485053062439,3.0,-0.9777653384191849,C+ R-
24.0,0.009037120267748833,0.635485053062439,3.0,-0.9777653384191849,C+ R-
24.0,0.009037120267748833,0.635485053062439,3.0,-0.9777653384191849,C+ R-
